{
  "cameraWizardStep":0,
  "cameras":{},
  "deletedGarageIds":{},
  "deliveryFacilities":{},
  "deliveryTemplates":{},
  "deliveryWizardStep":0,
  "devtoolMode":"garages",
  "garages":[
    {
      "baseCapacity":2,
      "basePrice":350000,
      "center":[
        789.08276367188,
        -183.49125671387,
        145.78077697754
      ],
      "computerPoint":[
        789.09204101563,
        -183.66625976563,
        145.78077697754
      ],
      "description":"",
      "dropOffZone":{
        "dir":[
          -0.99512202811225,
          -0.092547237529874,
          -0.034163694053047
        ],
        "pos":[
          811.20526123047,
          -177.77758789063,
          144.30490064621
        ]
      },
      "id":"utah_gar_1",
      "isExisting":false,
      "isStarterGarage":false,
      "maxCapacity":10,
      "name":"AJ Auto Repairs",
      "parkingSpots":[
        {
          "dir":[
            0.9885911286509,
            0.11193564826117,
            -0.10078685926795
          ],
          "normal":[
            -0.0071269989740807,
            0.042030237800086,
            0.99909091928417
          ],
          "pos":[
            792.44854736328,
            -181.9468536377,
            151.19135284424
          ],
          "tags":{
            "forwards":true,
            "ignoreOthers":true,
            "perfect":true
          }
        },
        {
          "dir":[
            0.99644743701345,
            0.06862887660793,
            -0.048811705203273
          ],
          "normal":[
            -0.0071269989740807,
            0.042030237800086,
            0.99909091928417
          ],
          "pos":[
            791.46270751953,
            -175.38264465332,
            150.90810012817
          ],
          "tags":{
            "forwards":true,
            "ignoreOthers":true,
            "perfect":true
          }
        },
        {
          "dir":[
            0.99422929024773,
            0.097834418914803,
            0.044006191486061
          ],
          "normal":[
            -0.0071193723392936,
            0.042045458055186,
            0.99909033325041
          ],
          "pos":[
            793.7177734375,
            -188.00131225586,
            151.45516967773
          ],
          "tags":{
            "forwards":true,
            "ignoreOthers":true,
            "perfect":true
          }
        },
        {
          "dir":[
            0.20615712762941,
            -0.97829058408912,
            -0.021136977318369
          ],
          "normal":[
            0,
            0,
            1
          ],
          "pos":[
            807.86175537109,
            -186.91917419434,
            144.30490159988
          ],
          "tags":{
            "forwards":true,
            "ignoreOthers":true,
            "perfect":true
          }
        },
        {
          "dir":[
            0.13890003612091,
            -0.97923658858509,
            -0.14765664069676
          ],
          "normal":[
            0,
            0,
            1
          ],
          "pos":[
            811.40838623047,
            -186.33926391602,
            144.3049018383
          ],
          "tags":{
            "forwards":true,
            "ignoreOthers":true,
            "perfect":true
          }
        },
        {
          "dir":[
            0.11496148899884,
            -0.98257550266659,
            -0.14604532723327
          ],
          "normal":[
            0,
            0,
            1
          ],
          "pos":[
            814.39025878906,
            -186.01809692383,
            144.30490171909
          ],
          "tags":{
            "forwards":true,
            "ignoreOthers":true,
            "perfect":true
          }
        },
        {
          "dir":[
            0.11496148899884,
            -0.98257550266659,
            -0.14604532723327
          ],
          "normal":[
            0,
            0,
            1
          ],
          "pos":[
            817.55883789063,
            -185.63119506836,
            144.30490338802
          ],
          "tags":{
            "forwards":true,
            "ignoreOthers":true,
            "perfect":true
          }
        },
        {
          "dir":[
            0.96399146066574,
            -0.032429029187985,
            -0.26394852117307
          ],
          "normal":[
            0,
            0,
            1
          ],
          "pos":[
            809.92156982422,
            -172.92646789551,
            144.30490159988
          ],
          "tags":{
            "forwards":true,
            "ignoreOthers":true,
            "perfect":true
          }
        },
        {
          "dir":[
            0.082046686383446,
            -0.99230979036285,
            -0.09268020934123
          ],
          "normal":[
            0,
            0,
            1
          ],
          "pos":[
            808.88043212891,
            -192.72048950195,
            144.30490231514
          ],
          "tags":{
            "forwards":true,
            "ignoreOthers":true,
            "perfect":true
          }
        },
        {
          "dir":[
            0.082046686383446,
            -0.99230979036285,
            -0.09268020934123
          ],
          "normal":[
            0,
            0,
            1
          ],
          "pos":[
            812.91815185547,
            -192.36477661133,
            144.30490148067
          ],
          "tags":{
            "forwards":true,
            "ignoreOthers":true,
            "perfect":true
          }
        },
        {
          "dir":[
            0.082046686383446,
            -0.99230979036285,
            -0.09268020934123
          ],
          "normal":[
            0,
            0,
            1
          ],
          "pos":[
            817.17810058594,
            -191.95034790039,
            144.30490231514
          ],
          "tags":{
            "forwards":true,
            "ignoreOthers":true,
            "perfect":true
          }
        }
      ],
      "zoneVertices":[
        [
          786.81359863281,
          -170.1568145752,
          144.42781066895
        ],
        [
          818.17718505859,
          -169.11332702637,
          144.30490136147
        ],
        [
          822.34753417969,
          -201.43315124512,
          144.30490064621
        ],
        [
          803.81494140625,
          -211.87481689453,
          144.42781066895
        ],
        [
          791.39813232422,
          -197.14320373535,
          144.42781066895
        ]
      ]
    },
    {
      "baseCapacity":2,
      "basePrice":100000,
      "center":[
        804.74650878907,
        -189.11259460449,
        144.37864737511
      ],
      "description":"",
      "id":"ut_garage_1",
      "isExisting":true,
      "isStarterGarage":false,
      "maxCapacity":6,
      "name":"AJ Auto Parts",
      "parkingSpots":[
        {
          "dir":[
            0,
            1,
            0
          ],
          "pos":[
            792.84936523438,
            -181.75057983398,
            151.18594741821
          ]
        },
        {
          "dir":[
            0,
            1,
            0
          ],
          "pos":[
            793.49768066406,
            -187.99961853027,
            151.45353317261
          ]
        },
        {
          "dir":[
            0,
            1,
            0
          ],
          "pos":[
            804.09283447266,
            -173.12782287598,
            144.30490148067
          ]
        }
      ],