{
  "kinds":{
    "garages":{
      "deleted":{},
      "items":{
        "ut_garage_1":{
          "baseline":{
            "baseCapacity":2,
            "basePrice":100000,
            "center":[
              789.3310546875,
              -183.57661437988,
              145.78077697754
            ],
            "computerPoint":[
              789.69122314453,
              -183.61164855957,
              144.42781066895
            ],
            "description":"",
            "id":"ut_garage_1",
            "images":{
              "preview":"ut_garage_1.png"
            },
            "isBackupGarage":true,
            "isStarterGarage":false,
            "maxCapacity":6,
            "name":"AJ Auto Parts",
            "parkingSpots":[
              {
                "dir":[
                  0.98681766707575,
                  0.16022136279108,
                  -0.02280365875364
                ],
                "normal":[
                  -0.0071193746207725,
                  0.042037849072335,
                  0.99909065341959
                ],
                "pos":[
                  792.84936523438,
                  -181.75057983398,
                  151.18594741821
                ],
                "tags":{
                  "forwards":true,
                  "ignoreOthers":true,
                  "perfect":true
                }
              },
              {
                "dir":[
                  0.98405849581885,
                  0.15977337914252,
                  0.078111101158038
                ],
                "normal":[
                  -0.0071041259238545,
                  0.042053071590027,
                  0.99909012134277
                ],
                "pos":[
                  793.49768066406,
                  -187.99961853027,
                  151.45353317261
                ],
                "tags":{
                  "forwards":true,
                  "ignoreOthers":true,
                  "perfect":true
                }
              }
            ],
            "props":{},
            "propsAngle":0,
            "zoneVertices":[
              [
                786.77661132813,
                -170.06561279297,
                144.42781066895
              ],
              [
                815.99078369141,
                -165.78215026855,
                144.30490243435
              ],
              [
                825.50854492188,
                -200.66264343262,
                144.30490243435
              ],
              [
                803.86053466797,
                -211.69804382324,
                144.42781066895
              ],
              [
                791.59606933594,
                -197.35452270508,
                144.42781066895
              ]
            ]
          },
          "conflicted":false,
          "edited":{
            "baseCapacity":2,
            "basePrice":100000,
            "center":[
              789.3310546875,
              -183.57661437988,
              145.78077697754
            ],
            "computerPoint":[
              789.69122314453,
              -183.61164855957,
              144.42781066895
            ],
            "description":"",
            "id":"ut_garage_1",
            "images":{
              "preview":"ut_garage_1.png"
            },
            "isBackupGarage":true,
            "isStarterGarage":false,
            "maxCapacity":6,
            "name":"AJ Auto Parts",
            "parkingSpots":[
              {
                "dir":[
                  0.98681766707575,
                  0.16022136279108,
                  -0.02280365875364
                ],
                "normal":[
                  -0.0071193746207725,
                  0.042037849072335,
                  0.99909065341959
                ],
                "pos":[
                  792.84936523438,
                  -181.75057983398,
                  151.18594741821
                ],
                "tags":{
                  "forwards":true,
                  "ignoreOthers":true,
                  "perfect":true
                }
              },
              {
                "dir":[
                  0.98405849581885,
                  0.15977337914252,
                  0.078111101158038
                ],
                "normal":[
                  -0.0071041259238545,
                  0.042053071590027,
                  0.99909012134277
                ],
                "pos":[
                  793.49768066406,
                  -187.99961853027,
                  151.45353317261
                ],
                "tags":{
                  "forwards":true,
                  "ignoreOthers":true,
                  "perfect":true
                }
              },
              {
                "dir":[
                  0.9900818496449,
                  0.1059413296216,
                  -0.09227332053054
                ],
                "normal":[
                  0,
                  0,
                  1
                ],
                "pos":[
                  804.09283447266,
                  -173.12782287598,
                  144.30490148067
                ],
                "tags":{
                  "forwards":true,
                  "ignoreOthers":true,
                  "perfect":true
                }
              }
            ],
            "props":{},
            "propsAngle":0,
            "zoneVertices":[
              [
                786.77661132813,
                -170.06561279297,
                144.42781066895
              ],
              [
                815.99078369141,
                -165.78215026855,
                144.30490243435
              ],
              [
                825.50854492188,
                -200.66264343262,
                144.30490243435
              ],
              [
                803.86053466797,
                -211.69804382324,
                144.42781066895
              ],
              [
                791.59606933594,
                -197.35452270508,
                144.42781066895
              ]
            ]
          },
          "origin":"new",
          "touchedAt":1776189559
        }
      }
    }
  },
  "lastExport":{
    "timestamp":1776190261
  },
  "schemaLevel":"utah",
  "version":2
}