{
  "description":"BCM delivery facility parking spots.",
  "dir":"/levels/west_coast_usa/facilities/delivery/",
  "filename":"bcm_depots.sites.json",
  "locations":{},
  "name":"bcm_depots.sites.json",
  "parkingSpots":[
    {
      "color":[
        1,
        1,
        1
      ],
      "customFields":{
        "names":{},
        "tags":{},
        "types":{},
        "values":{}
      },
      "isMultiSpot":false,
      "name":"bcm_church_parking1",
      "oldId":9001,
      "pos":[
        -845.25158691406,
        296.11010742188,
        156.98162943125
      ],
      "rot":[
        0.067659163222221,
        -0.030028794573805,
        0.39137588116219,
        0.91724883688835
      ],
      "scl":[
        2.5,
        6,
        3
      ],
      "spotAmount":1,
      "spotDirection":"Left",
      "spotOffset":0,
      "spotRotation":0
    },
    {
      "color":[
        1,
        1,
        1
      ],
      "customFields":{
        "names":{},
        "tags":{},
        "types":{},
        "values":{}
      },
      "isMultiSpot":false,
      "name":"bcmTelepizza_parking1",
      "oldId":9002,
      "pos":[
        -733.28479003906,
        603.67767333984,
        115.65245783329
      ],
      "rot":[
        0.0056424943697766,
        0.0057743076011759,
        0.99996132322613,
        0.0034887936097647
      ],
      "scl":[
        2.5,
        6,
        3
      ],
      "spotAmount":1,
      "spotDirection":"Left",
      "spotOffset":0,
      "spotRotation":0
    },
    {
      "color":[
        1,
        1,
        1
      ],
      "customFields":{
        "names":{},
        "tags":{},
        "types":{},
        "values":{}
      },
      "isMultiSpot":false,
      "name":"bcmNeedle_parking1",
      "oldId":9003,
      "pos":[
        -532.80334472656,
        468.78494262695,
        102.80152893066
      ],
      "rot":[
        -9.9609427346154e-06,
        -4.1466783844405e-06,
        0.9245570577661,
        0.38104362849743
      ],
      "scl":[
        2.5,
        6,
        3
      ],
      "spotAmount":1,
      "spotDirection":"Left",
      "spotOffset":0,
      "spotRotation":0
    }
  ],
  "zones":{}
}